[
  {
    "url": "/",
    "final_url": "/",
    "status": 200,
    "redirect_chain": []
  },
  {
    "url": "/1-percent-commission.html",
    "final_url": "/1-percent-commission.html",
    "status": 200,
    "redirect_chain": []
  },
  {
    "url": "/about.html",
    "final_url": "/about.html",
    "status": 200,
    "redirect_chain": []
  },
  {
    "url": "/affordability.html",
    "final_url": "/affordability.html",
    "status": 200,
    "redirect_chain": []
  },
  {
    "url": "/agents.html",
    "final_url": "/agents.html",
    "status": 200,
    "redirect_chain": []
  },
  {
    "url": "/areas/",
    "final_url": "/areas/",
    "status": 200,
    "redirect_chain": []
  },
  {
    "url": "/blog/",
    "final_url": "/blog/",
    "status": 200,
    "redirect_chain": []
  },
  {
    "url": "/blog/1-percent-vs-3-percent-commission-comparison/",
    "final_url": "/blog/1-percent-vs-3-percent-commission-comparison/",
    "status": 200,
    "redirect_chain": []
  },
  {
    "url": "/blog/central-ohio-housing-market-2026/",
    "final_url": "/blog/central-ohio-housing-market-2026/",
    "status": 200,
    "redirect_chain": []
  },
  {
    "url": "/blog/first-time-homebuyer-cash-back/",
    "final_url": "/blog/first-time-homebuyer-cash-back/",
    "status": 200,
    "redirect_chain": []
  },
  {
    "url": "/blog/how-much-save-selling-columbus-home-1-percent/",
    "final_url": "/blog/how-much-save-selling-columbus-home-1-percent/",
    "status": 200,
    "redirect_chain": []
  },
  {
    "url": "/blog/pre-listing-inspection-benefits/",
    "final_url": "/blog/pre-listing-inspection-benefits/",
    "status": 200,
    "redirect_chain": []
  },
  {
    "url": "/blog/selling-home-westerville-ohio-2025/",
    "final_url": "/blog/selling-home-westerville-ohio-2025/",
    "status": 200,
    "redirect_chain": []
  },
  {
    "url": "/blog/why-agents-leaving-traditional-brokerages-100-commission/",
    "final_url": "/blog/why-agents-leaving-traditional-brokerages-100-commission/",
    "status": 200,
    "redirect_chain": []
  },
  {
    "url": "/buyers.html",
    "final_url": "/buyers.html",
    "status": 200,
    "redirect_chain": []
  },
  {
    "url": "/contact.html",
    "final_url": "/contact.html",
    "status": 200,
    "redirect_chain": []
  },
  {
    "url": "/fair-housing.html",
    "final_url": "/fair-housing.html",
    "status": 200,
    "redirect_chain": []
  },
  {
    "url": "/home-value.html",
    "final_url": "/home-value.html",
    "status": 200,
    "redirect_chain": []
  },
  {
    "url": "/pre-listing-inspection.html",
    "final_url": "/pre-listing-inspection.html",
    "status": 200,
    "redirect_chain": []
  },
  {
    "url": "/privacy.html",
    "final_url": "/privacy.html",
    "status": 200,
    "redirect_chain": []
  },
  {
    "url": "/referrals.html",
    "final_url": "/referrals.html",
    "status": 200,
    "redirect_chain": []
  },
  {
    "url": "/sellers.html",
    "final_url": "/sellers.html",
    "status": 200,
    "redirect_chain": []
  },
  {
    "url": "/sitemap-page.html",
    "final_url": "/sitemap-page.html",
    "status": 200,
    "redirect_chain": []
  },
  {
    "url": "/terms.html",
    "final_url": "/terms.html",
    "status": 200,
    "redirect_chain": []
  }
]